{"cameraMode":{"drawMode":0,"name":"Shaded","section":"Shading Mode"},"sceneLighting":false,"audioPlay":false,"sceneViewState":{"showFog":true,"showMaterialUpdate":false,"showSkybox":false,"showFlares":true,"showImageEffects":true,"showParticleSystems":true},"in2DMode":false,"pivot":{"x":32.0,"y":-12.6899995803833,"z":-0.009999997913837433},"rotation":{"x":0.060266800224781039,"y":0.014376084320247174,"z":-0.0008680489263497293,"w":0.9980784058570862},"size":7.231783390045166,"orthographic":false}